[
{
    "model": "webapp.task",
    "pk": 1,
    "fields": {
        "created_at": "2022-01-13T07:25:21.249Z",
        "updated_at": "2022-01-20T10:17:16.271Z",
        "title": "Создать модель",
        "description": "Создайте модели задачи, статуса и типа.",
        "status": 1,
        "project": 1,
        "types": [
            1,
            2,
            3
        ]
    }
},
{
    "model": "webapp.task",
    "pk": 2,
    "fields": {
        "created_at": "2022-01-13T07:25:45.892Z",
        "updated_at": "2022-01-13T07:25:45.892Z",
        "title": "Этап 2",
        "description": "Создайте страницы CRUD для задачи на базе классовых представлений:",
        "status": 1,
        "project": 1,
        "types": [
            1
        ]
    }
},
{
    "model": "webapp.task",
    "pk": 3,
    "fields": {
        "created_at": "2022-01-13T07:26:16.117Z",
        "updated_at": "2022-01-13T07:26:16.117Z",
        "title": "Напишите проект - трекер задач, англ. - issue tracker.",
        "description": "Трекер задач - это ПО, в котором программисты (и не только) могут записывать информацию о задачах (issue), и отслеживать кто, когда и над какими задачами работал.",
        "status": 2,
        "project": 1,
        "types": [
            1
        ]
    }
},
{
    "model": "webapp.task",
    "pk": 4,
    "fields": {
        "created_at": "2022-01-13T07:26:47.429Z",
        "updated_at": "2022-01-13T07:26:47.429Z",
        "title": "Этап 3",
        "description": "Используйте базовый шаблон. В общем меню должны быть ссылки на главную (список задач) и добавление задачи.",
        "status": 1,
        "project": 1,
        "types": [
            3
        ]
    }
},
{
    "model": "webapp.task",
    "pk": 5,
    "fields": {
        "created_at": "2022-01-13T07:27:22.836Z",
        "updated_at": "2022-01-13T07:27:22.836Z",
        "title": "Создать проект",
        "description": "Создать новый проект",
        "status": 3,
        "project": 1,
        "types": [
            1
        ]
    }
},
{
    "model": "webapp.task",
    "pk": 6,
    "fields": {
        "created_at": "2022-01-13T07:27:51.444Z",
        "updated_at": "2022-01-13T07:27:51.444Z",
        "title": "Исправить баги",
        "description": "Исправить все баги",
        "status": 1,
        "project": 1,
        "types": [
            2
        ]
    }
},
{
    "model": "webapp.task",
    "pk": 13,
    "fields": {
        "created_at": "2022-01-20T10:17:28.209Z",
        "updated_at": "2022-01-20T10:17:28.209Z",
        "title": "fdsgfdgfdgfd",
        "description": "gfdgfdgfdgfd",
        "status": 1,
        "project": 1,
        "types": [
            1,
            2,
            3
        ]
    }
},
{
    "model": "webapp.task",
    "pk": 16,
    "fields": {
        "created_at": "2022-01-20T12:41:18.694Z",
        "updated_at": "2022-01-20T12:53:36.524Z",
        "title": "vdsfdsfdsTEST",
        "description": "fdsfdsfdsfdsfdsfs",
        "status": 1,
        "project": 1,
        "types": [
            2,
            3
        ]
    }
},
{
    "model": "webapp.task",
    "pk": 17,
    "fields": {
        "created_at": "2022-01-20T12:46:25.839Z",
        "updated_at": "2022-01-20T12:46:25.840Z",
        "title": "gfdgfdgfdg",
        "description": "gfdgfdgdfgfd",
        "status": 1,
        "project": 1,
        "types": [
            1,
            2
        ]
    }
},
{
    "model": "webapp.task",
    "pk": 18,
    "fields": {
        "created_at": "2022-01-22T14:03:23.320Z",
        "updated_at": "2022-01-22T14:03:23.320Z",
        "title": "Deleniti quae Nam similique dolore quibusdam",
        "description": "Repudiandae nostrud nesciunt ipsum sit sit non debitis obcaecati ut quidem quidem sint dolorum commodi nesciunt qui perferendis",
        "status": 2,
        "project": 1,
        "types": [
            1
        ]
    }
},
{
    "model": "webapp.task",
    "pk": 22,
    "fields": {
        "created_at": "2022-01-24T12:29:13.862Z",
        "updated_at": "2022-01-24T12:29:13.862Z",
        "title": "Bug fix",
        "description": "Need to fixs bugs",
        "status": 3,
        "project": 1,
        "types": [
            1,
            2
        ]
    }
},
{
    "model": "webapp.task",
    "pk": 23,
    "fields": {
        "created_at": "2022-01-24T12:29:44.863Z",
        "updated_at": "2022-01-24T12:29:44.863Z",
        "title": "Fixxxxxxxxxxxxxx  BUG",
        "description": "gdsgfmdoskglffmdskmfdklsmf",
        "status": 2,
        "project": 1,
        "types": [
            2,
            3
        ]
    }
},
{
    "model": "webapp.task",
    "pk": 24,
    "fields": {
        "created_at": "2022-01-27T11:32:43.563Z",
        "updated_at": "2022-01-27T11:32:43.563Z",
        "title": "Consectetur rem pariatur Sed voluptatem consectetur aut culpa id id dolorum itaque fugiat illo deleniti praesentium ad modi laudantium expedita",
        "description": "Dolor non id voluptas esse est",
        "status": 2,
        "project": 1,
        "types": [
            1,
            2,
            3
        ]
    }
},
{
    "model": "webapp.task",
    "pk": 25,
    "fields": {
        "created_at": "2022-01-27T11:32:56.441Z",
        "updated_at": "2022-01-27T11:32:56.441Z",
        "title": "Aut magni architecto ab delectus quis repudiandae nihil nisi incidunt atque animi accusantium et dolore totam et distinctio Qui et",
        "description": "Fugiat in repellendus Sunt minima voluptatem Aut facere suscipit excepteur excepturi amet aliquid quis consectetur magnam sed non rerum ullam",
        "status": 3,
        "project": 1,
        "types": [
            1,
            3
        ]
    }
},
{
    "model": "webapp.task",
    "pk": 27,
    "fields": {
        "created_at": "2022-01-27T11:33:09.552Z",
        "updated_at": "2022-01-27T11:33:09.553Z",
        "title": "Dolor elit id in sint ad eligendi esse reprehenderit debitis qui quo sint hic ad perferendis alias maxime",
        "description": "Voluptatem Qui duis ad obcaecati pariatur Voluptatem asperiores nulla illum pariatur Vel quo est qui consectetur adipisicing alias consequuntur",
        "status": 3,
        "project": 1,
        "types": [
            1,
            2
        ]
    }
},
{
    "model": "webapp.task",
    "pk": 28,
    "fields": {
        "created_at": "2022-01-27T11:33:16.110Z",
        "updated_at": "2022-01-27T11:33:16.110Z",
        "title": "Voluptatem Reiciendis commodi dolore qui sed error",
        "description": "Aute alias molestiae facere officia vel consequatur Sunt unde nemo dolore voluptatem Alias laudantium ratione ducimus non magni nostrum nulla",
        "status": 3,
        "project": 1,
        "types": [
            2,
            3
        ]
    }
},
{
    "model": "webapp.task",
    "pk": 29,
    "fields": {
        "created_at": "2022-01-27T11:33:27.798Z",
        "updated_at": "2022-01-27T11:33:27.798Z",
        "title": "Inventore reiciendis irure odio velit nostrum voluptatibus sed culpa ad",
        "description": "Nisi eligendi nemo facere quo aut dolor et aut autem non vitae enim aut esse nostrud doloremque",
        "status": 2,
        "project": 1,
        "types": [
            1,
            2,
            3
        ]
    }
},
{
    "model": "webapp.task",
    "pk": 30,
    "fields": {
        "created_at": "2022-01-27T11:33:27.862Z",
        "updated_at": "2022-01-27T11:33:27.862Z",
        "title": "Inventore reiciendis irure odio velit nostrum voluptatibus sed culpa ad",
        "description": "Nisi eligendi nemo facere quo aut dolor et aut autem non vitae enim aut esse nostrud doloremque",
        "status": 2,
        "project": 1,
        "types": [
            1,
            2,
            3
        ]
    }
},
{
    "model": "webapp.task",
    "pk": 31,
    "fields": {
        "created_at": "2022-01-27T11:33:34.473Z",
        "updated_at": "2022-01-27T11:33:34.473Z",
        "title": "Consectetur culpa eiusmod provident dolorum similique qui iure laboris ut sint vel cupiditate",
        "description": "Nisi dolor culpa odit dolore saepe voluptas magna pariatur",
        "status": 3,
        "project": 1,
        "types": [
            1,
            3
        ]
    }
},
{
    "model": "webapp.task",
    "pk": 33,
    "fields": {
        "created_at": "2022-01-31T12:09:27.578Z",
        "updated_at": "2022-01-31T12:25:16.632Z",
        "title": "Exercitationem cumque aut ut ullamco porro cupiditate quidem eos",
        "description": "Temporibus consequat Est neque omnis et et illum architecto ipsa qui numquam sint quam ducimus excepteur aspernatur temporibus atque",
        "status": 1,
        "project": 2,
        "types": [
            1,
            2,
            3
        ]
    }
},
{
    "model": "webapp.task",
    "pk": 36,
    "fields": {
        "created_at": "2022-01-31T12:26:28.619Z",
        "updated_at": "2022-02-03T10:59:04.441Z",
        "title": "Cupidatat dolores aut cupidatat obcaecati iure modi vitae aliquid ut deleniti nihil temporibus ut tempora in id blanditiis doloribus culpa",
        "description": "Aliqua Nulla dolore et aperiam eveniet incididunt consectetur eu est voluptas sequi magni et illo et beatae illum sed Aliqua Nulla dolore et aperiam eveniet incididunt consectetur eu est voluptas sequi magni et illo et beatae illum sed",
        "status": 3,
        "project": 3,
        "types": [
            1,
            2
        ]
    }
},
{
    "model": "webapp.task",
    "pk": 37,
    "fields": {
        "created_at": "2022-01-31T12:31:02.517Z",
        "updated_at": "2022-01-31T12:31:02.517Z",
        "title": "Dolor autem quia ipsam nihil",
        "description": "Possimus ut enim elit quis itaque atque alias sunt amet molestiae quia illum dolores facere illo",
        "status": 3,
        "project": 2,
        "types": [
            1,
            3
        ]
    }
},
{
    "model": "webapp.task",
    "pk": 38,
    "fields": {
        "created_at": "2022-02-01T03:30:28.220Z",
        "updated_at": "2022-02-01T03:30:28.220Z",
        "title": "Pariatur Et dicta quam natus dolorem tempore aut consequatur Voluptas eiusmod exercitation quo blanditiis",
        "description": "Ea eum voluptas autem dolores inventore omnis cupiditate expedita omnis dolor",
        "status": 2,
        "project": 10,
        "types": [
            1
        ]
    }
},
{
    "model": "webapp.task",
    "pk": 39,
    "fields": {
        "created_at": "2022-02-03T11:15:37.178Z",
        "updated_at": "2022-02-03T11:15:37.178Z",
        "title": "Rem consequuntur enim ipsam similique adipisicing vel ipsam sit nisi soluta",
        "description": "Commodo sed odio suscipit sequi proident fugit exercitationem sint tenetur",
        "status": 1,
        "project": 9,
        "types": [
            1,
            2
        ]
    }
},
{
    "model": "webapp.task",
    "pk": 41,
    "fields": {
        "created_at": "2022-02-14T09:21:01.538Z",
        "updated_at": "2022-02-14T09:21:08.737Z",
        "title": "Non facilis velit est velit et possimus qui",
        "description": "Magna provident repellendus Enim quia at eum autem atque et earum irure tenetur totam sunt rem",
        "status": 3,
        "project": 15,
        "types": [
            2,
            3
        ]
    }
},
{
    "model": "webapp.task",
    "pk": 43,
    "fields": {
        "created_at": "2022-02-17T05:39:51.808Z",
        "updated_at": "2022-02-17T05:39:51.808Z",
        "title": "Magni id aspernatur consequatur Et aut voluptate",
        "description": "Sunt animi laborum repellendus Quisquam qui dolor dolore dolore autem ipsa maxime nihil expedita libero",
        "status": 1,
        "project": 33,
        "types": [
            1,
            2
        ]
    }
},
{
    "model": "webapp.task",
    "pk": 44,
    "fields": {
        "created_at": "2022-02-17T12:05:17.678Z",
        "updated_at": "2022-02-17T12:05:17.678Z",
        "title": "Veniam eum quia perferendis sed suscipit",
        "description": "Corporis ut exercitationem alias est repellendus Doloremque suscipit",
        "status": 1,
        "project": 35,
        "types": [
            2,
            3
        ]
    }
},
{
    "model": "webapp.task",
    "pk": 45,
    "fields": {
        "created_at": "2022-02-17T12:08:40.530Z",
        "updated_at": "2022-02-17T12:29:49.370Z",
        "title": "Libero nesciunt fugiat asperiores minima facere voluptatem Occaecat",
        "description": "Duis saepe voluptatum odit et nobis et laboris voluptatem magni voluptas ex pariatur Exercitation doloremque nihil",
        "status": 1,
        "project": 35,
        "types": [
            1,
            2,
            3
        ]
    }
},
{
    "model": "webapp.task",
    "pk": 46,
    "fields": {
        "created_at": "2022-02-17T12:36:02.027Z",
        "updated_at": "2022-02-17T12:36:02.027Z",
        "title": "Labore doloremque voluptas labore assumenda dolorum ut accusantium similique vel impedit porro ipsam",
        "description": "Sint saepe cum et aut ratione doloremque sint asperiores molestias perferendis dolorum quisquam possimus et dolorem sed irure",
        "status": 1,
        "project": 36,
        "types": [
            3
        ]
    }
},
{
    "model": "webapp.task",
    "pk": 47,
    "fields": {
        "created_at": "2022-02-17T12:38:23.345Z",
        "updated_at": "2022-02-17T12:38:23.345Z",
        "title": "Illo qui velit voluptatum quo est dolorem quasi rerum",
        "description": "Qui neque et magnam hic porro dolorum ipsum voluptates nostrum rerum aut praesentium sed ex nisi ab commodi veritatis",
        "status": 3,
        "project": 36,
        "types": [
            1
        ]
    }
},
{
    "model": "webapp.status",
    "pk": 1,
    "fields": {
        "created_at": "2022-01-13T06:03:59.215Z",
        "updated_at": "2022-01-13T06:03:59.215Z",
        "status": "New"
    }
},
{
    "model": "webapp.status",
    "pk": 2,
    "fields": {
        "created_at": "2022-01-13T06:04:13.122Z",
        "updated_at": "2022-01-13T06:04:13.122Z",
        "status": "In Progress"
    }
},
{
    "model": "webapp.status",
    "pk": 3,
    "fields": {
        "created_at": "2022-01-13T06:04:21.840Z",
        "updated_at": "2022-01-13T06:04:21.840Z",
        "status": "Done"
    }
},
{
    "model": "webapp.type",
    "pk": 1,
    "fields": {
        "created_at": "2022-01-13T06:04:37.802Z",
        "updated_at": "2022-01-13T06:04:37.802Z",
        "type": "Task"
    }
},
{
    "model": "webapp.type",
    "pk": 2,
    "fields": {
        "created_at": "2022-01-13T06:04:43.240Z",
        "updated_at": "2022-01-13T06:04:43.240Z",
        "type": "Bug"
    }
},
{
    "model": "webapp.type",
    "pk": 3,
    "fields": {
        "created_at": "2022-01-13T06:04:53.544Z",
        "updated_at": "2022-01-13T06:04:53.544Z",
        "type": "Enhancement"
    }
},
{
    "model": "webapp.project",
    "pk": 1,
    "fields": {
        "created_at": "2022-01-30T20:39:05Z",
        "closed_at": null,
        "title": "Eat, sleep, code, REPEAT",
        "description": "Выполнить все поставленные задачи в рамках 7 месяца обучения",
        "users": []
    }
},
{
    "model": "webapp.project",
    "pk": 2,
    "fields": {
        "created_at": "2022-01-30T18:00:00Z",
        "closed_at": null,
        "title": "Проект 911",
        "description": "Facere dolore consequatur Ut excepteur amet dignissimos velit ut voluptatem ut architecto",
        "users": []
    }
},
{
    "model": "webapp.project",
    "pk": 3,
    "fields": {
        "created_at": "2022-01-30T18:00:00Z",
        "closed_at": null,
        "title": "Another project",
        "description": "Ullam sed fuga Similique facilis irure dolores Ullam sed fuga Similique facilis irure dolores",
        "users": []
    }
},
{
    "model": "webapp.project",
    "pk": 6,
    "fields": {
        "created_at": "2022-01-30T18:00:00Z",
        "closed_at": null,
        "title": "Quis facilis aut veniam anim dolore qui doloribus",
        "description": "Nisi vel quae velit voluptatibus modi nobis elit",
        "users": []
    }
},
{
    "model": "webapp.project",
    "pk": 7,
    "fields": {
        "created_at": "1981-07-03T17:00:00Z",
        "closed_at": null,
        "title": "Ut repudiandae quibusdam consequatur Eu architect",
        "description": "Sint perferendis aspernatur maxime non est ut aliquam est",
        "users": []
    }
},
{
    "model": "webapp.project",
    "pk": 8,
    "fields": {
        "created_at": "2022-01-31T18:00:00Z",
        "closed_at": null,
        "title": "Test project",
        "description": "Nobis ullamco sunt aut consequuntur corrupti id dolor sunt eu neque veritatis facere do",
        "users": []
    }
},
{
    "model": "webapp.project",
    "pk": 9,
    "fields": {
        "created_at": "2022-01-31T18:00:00Z",
        "closed_at": null,
        "title": "Saepe ipsum adipisicing similique amet cupidatat",
        "description": "Magni voluptatum atque eiusmod in eius",
        "users": []
    }
},
{
    "model": "webapp.project",
    "pk": 10,
    "fields": {
        "created_at": "2022-01-31T18:00:00Z",
        "closed_at": null,
        "title": "TESTSETESTEST",
        "description": "Mollit rerum ad enim eveniet neque in ut",
        "users": []
    }
},
{
    "model": "webapp.project",
    "pk": 11,
    "fields": {
        "created_at": "2000-03-30T18:00:00Z",
        "closed_at": null,
        "title": "Ex aut fugit aut aspernatur et dolor quod id dict",
        "description": "Repellendus Expedita aut qui occaecat",
        "users": []
    }
},
{
    "model": "webapp.project",
    "pk": 12,
    "fields": {
        "created_at": "2000-03-30T18:00:00Z",
        "closed_at": null,
        "title": "Ex aut fugit aut aspernatur et dolor quod id dict",
        "description": "Repellendus Expedita aut qui occaecat test trstrestes",
        "users": []
    }
},
{
    "model": "webapp.project",
    "pk": 14,
    "fields": {
        "created_at": "2006-05-22T18:00:00Z",
        "closed_at": null,
        "title": "Ad in voluptate laborum Vitae ea corporis at aut",
        "description": "Corrupti rerum ad culpa tempor facere consequatur voluptas sint non culpa odio voluptas",
        "users": []
    }
},
{
    "model": "webapp.project",
    "pk": 15,
    "fields": {
        "created_at": "2006-08-11T18:00:00Z",
        "closed_at": null,
        "title": "Et sed vitae similique ut ab dolor quaerat sed qui",
        "description": "Ducimus possimus sunt itaque ut maxime omnis incididunt non labore voluptas quod nulla repudiandae necessitatibus",
        "users": []
    }
},
{
    "model": "webapp.project",
    "pk": 16,
    "fields": {
        "created_at": "2022-02-16T15:22:38Z",
        "closed_at": null,
        "title": "New test project",
        "description": "another project for test",
        "users": []
    }
},
{
    "model": "webapp.project",
    "pk": 17,
    "fields": {
        "created_at": "1994-07-24T18:00:00Z",
        "closed_at": null,
        "title": "Ullamco praesentium quis dignissimos quo in maiore",
        "description": "Non nisi qui rerum magna est autem ullam odio doloribus adipisci eos qui quasi quis eiusmod",
        "users": [
            1
        ]
    }
},
{
    "model": "webapp.project",
    "pk": 18,
    "fields": {
        "created_at": "2004-01-04T19:00:00Z",
        "closed_at": null,
        "title": "Dolor duis ex expedita esse molestiae natus amet",
        "description": "Saepe est est ad magnam ut",
        "users": []
    }
},
{
    "model": "webapp.project",
    "pk": 19,
    "fields": {
        "created_at": "2022-01-04T18:00:00Z",
        "closed_at": null,
        "title": "Sed aspernatur tempore accusantium labore magna c",
        "description": "Voluptatem tenetur aut minus rerum recusandae Molestiae nobis alias quisquam dolore excepteur nisi molestiae tempore",
        "users": [
            1
        ]
    }
},
{
    "model": "webapp.project",
    "pk": 20,
    "fields": {
        "created_at": "1977-09-04T18:00:00Z",
        "closed_at": null,
        "title": "Aut commodo sunt aut molestiae in laboriosam aliq",
        "description": "Animi ut qui voluptatibus perspiciatis aut voluptas qui quisquam aliquam cumque et voluptatum amet voluptas mollitia culpa autem",
        "users": []
    }
},
{
    "model": "webapp.project",
    "pk": 21,
    "fields": {
        "created_at": "2019-04-26T18:00:00Z",
        "closed_at": null,
        "title": "Obcaecati obcaecati eos veritatis asperiores id es",
        "description": "Porro ea vitae minima exercitation sunt id ut debitis nihil aut quo",
        "users": []
    }
},
{
    "model": "webapp.project",
    "pk": 22,
    "fields": {
        "created_at": "1993-10-15T19:00:00Z",
        "closed_at": null,
        "title": "Est rerum rerum iusto consectetur quod consequuntu",
        "description": "Ipsa mollitia illum modi veritatis fugiat illum corporis ut aliquip quibusdam dolorum pariatur Delectus",
        "users": []
    }
},
{
    "model": "webapp.project",
    "pk": 23,
    "fields": {
        "created_at": "1994-10-15T19:00:00Z",
        "closed_at": null,
        "title": "Тестовое название",
        "description": "Тестовое описние",
        "users": []
    }
},
{
    "model": "webapp.project",
    "pk": 25,
    "fields": {
        "created_at": "2022-02-23T18:00:00Z",
        "closed_at": null,
        "title": "testrewr",
        "description": "rewrewrewr",
        "users": []
    }
},
{
    "model": "webapp.project",
    "pk": 26,
    "fields": {
        "created_at": "2000-10-09T18:00:00Z",
        "closed_at": null,
        "title": "Totam",
        "description": "Ut commodi a maiores minus nemo ut molestiae aliqua Reiciendis nesciunt nulla eos est",
        "users": []
    }
},
{
    "model": "webapp.project",
    "pk": 27,
    "fields": {
        "created_at": "2000-10-09T18:00:00Z",
        "closed_at": null,
        "title": "Totam",
        "description": "Ut commodi a maiores minus nemo ut molestiae aliqua Reiciendis nesciunt nulla eos est",
        "users": []
    }
},
{
    "model": "webapp.project",
    "pk": 29,
    "fields": {
        "created_at": "2019-07-07T18:00:00Z",
        "closed_at": null,
        "title": "Manytomany",
        "description": "Totam consequuntur non recusandae Quis ex quia est fugiat culpa neque consectetur quia incididunt debitis sunt eligendi culpa aut sunt",
        "users": []
    }
},
{
    "model": "webapp.project",
    "pk": 30,
    "fields": {
        "created_at": "2022-02-15T18:00:00Z",
        "closed_at": null,
        "title": "Mark V",
        "description": "I am an Ironman",
        "users": [
            1
        ]
    }
},
{
    "model": "webapp.project",
    "pk": 32,
    "fields": {
        "created_at": "2022-02-15T18:00:00Z",
        "closed_at": null,
        "title": "Mark VI",
        "description": "fdsfdsfdsfdsfds",
        "users": [
            1,
            2
        ]
    }
},
{
    "model": "webapp.project",
    "pk": 33,
    "fields": {
        "created_at": "1986-11-11T18:00:00Z",
        "closed_at": null,
        "title": "Adipisicing est placeat reprehenderit ad",
        "description": "Iste quaerat alias qui culpa ex et mollitia eos non rerum quo",
        "users": [
            1
        ]
    }
},
{
    "model": "webapp.project",
    "pk": 35,
    "fields": {
        "created_at": "2020-08-31T18:00:00Z",
        "closed_at": null,
        "title": "Ea commodi enim at sapiente deserunt aut eveniet",
        "description": "Qui in dolor ut sed minima quis consequatur illo vel quis exercitation pariatur",
        "users": [
            4
        ]
    }
},
{
    "model": "webapp.project",
    "pk": 36,
    "fields": {
        "created_at": "1975-07-25T18:00:00Z",
        "closed_at": null,
        "title": "Manager project",
        "description": "Et amet amet dolore unde animi et quia totam ut ut in et adipisicing tempore dolore natus",
        "users": [
            6,
            7,
            8
        ]
    }
}
]
